{
  "project_info": {
    "project_number": "881699133511",
    "project_id": "wild-chat-dc9fc",
    "storage_bucket": "wild-chat-dc9fc.appspot.com"
  },
  "client": [
    {
      "client_info": {
        "mobilesdk_app_id": "1:881699133511:android:73c6410946b33f18cf3962",
        "android_client_info": {
          "package_name": "com.example.wildchat"
        }
      },
      "oauth_client": [
        {
          "client_id": "881699133511-mhfab39te0i2bovnqieqi4ffrvfb8v8j.apps.googleusercontent.com",
          "client_type": 3
        }
      ],
      "api_key": [
        {
          "current_key": "AIzaSyDoSYHmgDmhdJl9r-e7aiIV5ZFnFJMp9MY"
        }
      ],
      "services": {
        "appinvite_service": {
          "other_platform_oauth_client": [
            {
              "client_id": "881699133511-mhfab39te0i2bovnqieqi4ffrvfb8v8j.apps.googleusercontent.com",
              "client_type": 3
            }
          ]
        }
      }
    }
  ],
  "configuration_version": "1"
}